uno_pc_time_sec,uno_edge_us,mega_evt_pc_time_sec,mega_evt_us,tag,value,dropped_reported
1778960922.388291,256352,1778960922.356956,961720,CMD,START_BEHAVIOR,
1778960922.388291,257064,1778960922.356956,962436,CUE1,13000,
1778960922.388291,257832,1778960922.358157,963208,CUE2,13000,
1778960922.388291,260212,1778960922.358157,965588,CORRECT_TURN,Right,
1778960922.388291,263268,1778960922.360684,968648,TRAINING_STAGE,3,
1778960922.388291,266156,1778960922.360684,971536,TONE_HIGH_HZ,13000,
1778960922.388291,269220,1778960922.364832,974596,TONE_LOW_HZ,4000,
1778960922.388291,272100,1778960922.369034,977484,WM_GATE_DELAY_DEFAULT_MS,3000,
1778960922.388291,276092,1778960922.372079,981480,WM2_AUDIO_CUE,1,
1778960924.500646,2384000,1778960924.484455,3091368,CMD,OPEN_WM,0
1778960935.341106,13230536,1778960935.341106,13948072,SENSOR,WM1,0
1778960935.382058,13231356,1778960935.341106,13948900,CUE1,4000,0
1778960935.382058,13232152,1778960935.342329,13949696,CUE2,4000,0
1778960935.382058,13232956,1778960935.344502,13950500,CORRECT_TURN,Left,0
1778960935.990873,13851484,1778960935.959923,14569608,SENSOR,WM1,0
1778960937.111785,14992208,1778960937.118774,15711404,SENSOR,Wait Sensor,0
1778960942.183069,20055156,1778960942.173394,20779100,SENSOR,Wait Sensor,0
1778960943.620769,21468040,1778960943.589361,22193312,SENSOR,Gate,0
1778960944.488104,22346828,1778960944.472777,23072924,SENSOR,WM2,0
1778960948.398116,26235368,1778960948.372497,26965112,SENSOR,Lick Right,0
1778960953.007527,30847256,1778960952.976919,31581324,SENSOR,Right Back,0
1778960954.380965,32246816,1778960954.383822,32982200,SENSOR,Right Front,0
1778960955.942469,33749652,1778960955.880815,34486444,SENSOR,Return Right,0
1778960975.243494,53042072,1778960975.212071,53796948,SENSOR,WM1,0
1778960975.243494,53042896,1778960975.212071,53797776,CUE1,13000,0
1778960975.243494,53043744,1778960975.212071,53798628,CUE2,13000,0
1778960975.243494,53044592,1778960975.213232,53799476,CORRECT_TURN,Right,0
1778960975.928969,53721432,1778960975.884035,54476952,SENSOR,Wait Sensor,0
1778960979.166051,56996116,1778960979.166051,57754712,SENSOR_FAST,Gate,0
1778960979.537521,57350124,1778960979.521783,58109048,SENSOR,WM2,0
1778960981.222009,59035036,1778960981.206212,59795540,SENSOR,Lick Right,0
1778960986.758420,64553432,1778960986.727229,65319120,SENSOR,Right Back,0
1778960987.567341,65362628,1778960987.536419,66129072,SENSOR,Right Front,0
1778960988.128942,65941608,1778960988.117217,66708596,SENSOR,Return Right,0
1778960993.416456,71230752,1778960993.419004,72002704,SENSOR,WM1,0
1778960993.416456,71231580,1778960993.419004,72003532,CUE1,4000,0
1778960993.416456,71232376,1778960993.419004,72004332,CUE2,4000,0
1778960993.416456,71233184,1778960993.419519,72005140,CORRECT_TURN,Left,0
1778960994.100776,71908060,1778960994.100776,72680648,SENSOR,Wait Sensor,0
1778960997.146383,74942252,1778960997.142163,75717692,SENSOR_FAST,Gate,0
1778960997.457755,75227720,1778960997.411243,76003424,SENSOR,WM2,0
1778961000.503974,78300972,1778961000.488111,79079560,SENSOR,Lick Left,0
1778961010.469136,88245944,1778961010.459985,89033872,SENSOR,Left Back,0
1778961011.526182,89296592,1778961011.497218,90085504,SENSOR,Left Front,0
1778961012.525462,90288908,1778961012.493990,91078752,SENSOR,Return Left,0
1778961017.069051,94842472,1778961017.053055,95636588,SENSOR,WM1,0
1778961017.069051,94843300,1778961017.054051,95637420,CUE1,4000,0
1778961017.069051,94844108,1778961017.055070,95638228,CUE2,4000,0
1778961017.069051,94844908,1778961017.059368,95639028,CORRECT_TURN,Left,0
1778961017.754969,95488024,1778961017.708252,96282752,SENSOR,Wait Sensor,0
1778961020.284760,97917824,1778961020.133356,98714828,SENSOR,Wait Sensor,0
1778961020.720726,98488568,1778961020.704665,99286112,SENSOR_FAST,Gate,0
1778961020.968924,98754672,1778961020.968924,99552464,SENSOR,WM2,0
1778961022.332887,100111108,1778961022.333915,100910172,SENSOR,Lick Left,0
1778961028.682650,106418164,1778961028.651010,107223152,SENSOR,Left Back,0
1778961029.365881,107103732,1778961029.332325,107909368,SENSOR,Left Front,0
1778961029.798926,107551632,1778961029.784772,108357688,SENSOR,Return Left,0
1778961033.798957,111555844,1778961033.798957,112365660,SENSOR,WM1,0
1778961033.798957,111556724,1778961033.798957,112366540,CUE1,13000,0
1778961033.798957,111557620,1778961033.798957,112367436,CUE2,13000,0
1778961033.798957,111558524,1778961033.800155,112368344,CORRECT_TURN,Right,0
1778961034.229068,111999976,1778961034.230183,112810208,SENSOR,Wait Sensor,0
1778961037.461793,115168136,1778961037.415027,115981344,SENSOR_FAST,Gate,0
1778961037.650037,115406708,1778961037.650037,116220140,SENSOR,WM2,0
1778961038.768389,116476668,1778961038.722817,117291104,SENSOR,Lick Right,0
1778961045.805064,123506000,1778961045.757638,124327040,SENSOR,Right Back,0
1778961046.490721,124231408,1778961046.476177,125053128,SENSOR,Right Front,0
1778961047.175145,124903504,1778961047.159233,125725856,SENSOR,Return Right,0
1778961048.672769,126369448,1778961048.626496,127193176,SENSOR,Return Right,0
1778961055.832225,133578836,1778961055.834481,134409336,SENSOR,WM1,0
1778961055.893071,133579732,1778961055.838850,134410232,CUE1,13000,0
1778961055.893071,133580656,1778961055.839363,134411156,CUE2,13000,0
1778961055.893071,133581548,1778961055.842416,134412052,CORRECT_TURN,Right,0
1778961056.456811,134136428,1778961056.392742,134967448,SENSOR,Wait Sensor,0
1778961059.514720,137229040,1778961059.501483,138062972,SENSOR_FAST,Gate,0
1778961059.762934,137484812,1778961059.747231,138318980,SENSOR,WM2,0
1778961060.886021,138607072,1778961060.870736,139442296,SENSOR,Lick Right,0
1778961065.670897,143371476,1778961065.639563,144211168,SENSOR,Right Back,0
1778961066.545050,144268644,1778961066.545050,145109188,SENSOR,Right Front,0
1778961068.411759,146134540,1778961068.411759,146976836,SENSOR,Return Right,0
1778961071.784460,149452304,1778961071.737742,150297716,SENSOR,WM1,0
1778961071.784460,149453188,1778961071.737742,150298600,CUE1,4000,0
1778961071.784460,149454040,1778961071.737742,150299452,CUE2,4000,0
1778961071.784460,149454892,1778961071.738981,150300304,CORRECT_TURN,Left,0
1778961072.529317,150244128,1778961072.529317,151090284,SENSOR,Wait Sensor,0
1778961073.835398,151557788,1778961073.836396,152405180,SENSOR,Wait Sensor,0
1778961075.703265,153393032,1778961074.858329,153421984,SENSOR,Wait Sensor,0
1778961076.613002,154295368,1778961075.420782,153989224,SENSOR_FAST,Gate,0
1778961089.778740,167456744,1778961075.674287,154242148,SENSOR,WM2,0
1778961098.493814,176131072,1778961076.586498,155145332,SENSOR,Lick Left,0
1778961098.493814,176131956,1778961085.801861,164362372,SENSOR,Left Back,0
1778961098.493814,176132804,1778961088.479241,167043260,SENSOR,Left Front,0
1778961098.493814,176133656,1778961089.764094,168319072,SENSOR,Return Left,0
1778961099.179233,176834040,1778961098.447802,177001552,SENSOR,WM1,0
1778961100.919311,178570040,1778961098.448799,177002432,CUE1,4000,0
1778961102.044038,179725972,1778961098.448799,177003284,CUE2,4000,0
1778961102.229187,179916372,1778961098.448799,177004136,CORRECT_TURN,Left,0
1778961103.153797,180801300,1778961099.154976,177705176,SENSOR,Wait Sensor,0
1778961118.914464,196552988,1778961100.888341,179442812,SENSOR,Wait Sensor,0
1778961120.159219,197820564,1778961102.044038,180599828,SENSOR_FAST,Gate,0
1778961121.338249,198962372,1778961102.238058,180790408,SENSOR,WM2,0
1778961121.834461,199451280,1778961103.115983,181676164,SENSOR,Lick Left,0
1778961128.250936,205859572,1778961118.899199,197442660,SENSOR,Lick Left,0
1778961128.250936,205860456,1778961120.159219,198711428,SENSOR,Left Back,0
1778961128.250936,205861308,1778961121.308124,199854308,SENSOR,Left Front,0
1778961128.250936,205862160,1778961121.795971,200343676,SENSOR,Return Left,0
1778961128.750967,206374252,1778961128.203689,206757992,SENSOR,WM1,0
1778961129.619116,207254016,1778961128.206931,206758876,CUE1,4000,0
1778961130.240990,207841312,1778961128.211005,206759728,CUE2,4000,0
1778961130.616691,208254612,1778961128.211005,206760580,CORRECT_TURN,Left,0
1778961131.783866,209423752,1778961128.718863,207273152,SENSOR,Wait Sensor,0
1778961132.033538,209665348,1778961129.606761,208153744,SENSOR,Wait Sensor,0
1778961132.906257,210516528,1778961130.193926,208741596,SENSOR,Wait Sensor,0
1778961134.149792,211795264,1778961130.602251,209155284,SENSOR,Wait Sensor,0
1778961140.559132,218171852,1778961131.783866,210325524,SENSOR_FAST,Gate,0
1778961144.048272,221679916,1778961132.017756,210567344,SENSOR,WM2,0
1778961145.662550,223287992,1778961132.877078,211419324,SENSOR,Lick Right,0
1778961153.448726,231043728,1778961134.149792,212699260,SENSOR,Lick Right,0
1778961153.448726,231044632,1778961140.530852,219081848,SENSOR,Right Back,0
1778961153.448726,231045500,1778961144.050775,222593212,SENSOR,Right Front,0
1778961153.448726,231046352,1778961145.654567,224202796,SENSOR,Return Right,0
1778961154.201619,231784500,1778961153.420906,231965828,SENSOR,WM1,0
1778961156.324022,233921492,1778961153.420906,231966732,CUE1,4000,0
1778961156.635191,234226468,1778961153.424320,231967600,CUE2,4000,0
1778961157.008001,234626444,1778961153.427354,231968452,CORRECT_TURN,Left,0
1778961157.257811,234869864,1778961154.171159,232707296,SENSOR,Wait Sensor,0
1778961158.068814,235665828,1778961156.308368,234846296,SENSOR,Wait Sensor,0
1778961165.904170,243474756,1778961156.606791,235151560,SENSOR,Wait Sensor,0
1778961166.528143,244082396,1778961157.009158,235551912,SENSOR_FAST,Gate,0
1778961167.215016,244772808,1778961157.257811,235795560,SENSOR,WM2,0
1778961170.386296,247947336,1778961158.055842,236592276,SENSOR,Lick Left,0
1778961170.386296,247948220,1778961165.873146,244408544,SENSOR,Left Back,0
1778961170.386296,247949116,1778961166.481166,245016756,SENSOR,Left Front,0
1778961170.386296,247950020,1778961167.168020,245707816,SENSOR,Return Left,0
1778961170.761065,248315744,1778961170.355453,248885328,SENSOR,WM1,0
1778961172.565084,250129568,1778961170.355453,248886212,CUE1,13000,0
1778961173.371179,250922468,1778961170.355453,248887108,CUE2,13000,0
1778961173.936417,251494280,1778961170.355453,248888016,CORRECT_TURN,Right,0
1778961174.123845,251707112,1778961170.719796,249254080,SENSOR,Wait Sensor,0
1778961175.000290,252578636,1778961172.533969,251069612,SENSOR,Wait Sensor,0
1778961184.466031,262044880,1778961173.323366,251863256,SENSOR,Wait Sensor,0
1778961185.647073,263192700,1778961173.907453,252435608,SENSOR_FAST,Gate,0
1778961188.700969,266250536,1778961174.111968,252648636,SENSOR,WM2,0
1778961190.944252,268505332,1778961174.984427,253520980,SENSOR,Lick Right,0
1778961195.290998,272804088,1778961184.468143,262996128,SENSOR,Right Back,0
1778961196.289439,273827228,1778961185.620846,264145028,SENSOR,Right Front,0
1778961201.274304,278819640,1778961188.672131,267205740,SENSOR,Return Right,0
1778961203.764131,281295396,1778961190.942075,269462660,SENSOR,Return Right,0
1778961213.344947,290862840,1778961195.243836,273765460,SENSOR,Return Right,0
1778961214.024995,291546220,1778961196.258047,274789564,SENSOR,Right Front,0
1778961214.582015,292087408,1778961201.258917,279786672,SENSOR,Right Back,0
1778961215.017323,292539552,1778961203.733365,282264756,SENSOR,Lick Right,0
1778961219.417439,296911948,1778961213.313285,291841204,SENSOR,Lick Right,0
1778961219.417439,296912828,1778961213.997869,292525224,SENSOR,Right Back,0
1778961219.417439,296913728,1778961214.551249,293066920,SENSOR,Right Front,0
1778961219.417439,296914632,1778961215.003096,293519492,SENSOR,Return Right,0
1778961219.936945,297461464,1778961219.370132,297896000,SENSOR,WM1,0
1778961221.988508,299474744,1778961219.371129,297896884,CUE1,13000,0
1778961222.933003,300424092,1778961219.374170,297897780,CUE2,13000,0
1778961223.121011,300635936,1778961219.378248,297898684,CORRECT_TURN,Right,0
1778961223.992139,301475816,1778961219.921827,298446032,SENSOR,Wait Sensor,0
1778961225.794823,303304956,1778961221.942381,300461204,SENSOR,Wait Sensor,0
1778961230.653944,308117384,1778961222.888466,301411448,SENSOR_FAST,Gate,0
1778961232.951104,310473416,1778961223.105986,301623492,SENSOR,WM2,0
1778961241.051845,318527820,1778961223.945994,302464160,SENSOR,Lick Left,0
1778961242.045184,319525156,1778961225.779750,304295020,SENSOR,Lick Left,0
1778961242.607859,320099092,1778961230.589026,309111972,SENSOR,Lick Left,0
1778961253.630195,331099892,1778961232.951606,311470224,SENSOR,Left Back,0
1778961253.630195,331100772,1778961241.022535,319532204,SENSOR,Left Front,0
1778961253.630195,331101668,1778961242.013633,320530476,SENSOR,Return Left,0
1778961253.630195,331102576,1778961242.592449,321104952,SENSOR,Return Left,0
1778961254.063270,331511212,1778961253.599066,332116096,SENSOR,WM1,0
1778961255.938199,333435460,1778961253.603151,332116980,CUE1,13000,0
1778961257.367597,334806300,1778961253.603151,332117876,CUE2,13000,0
1778961257.553932,335045712,1778961253.607180,332118784,CORRECT_TURN,Right,0
1778961258.594052,336047372,1778961254.016886,332527804,SENSOR,Wait Sensor,0
1778961264.743312,342168192,1778961255.938199,334453860,SENSOR,Wait Sensor,0
1778961265.240174,342687936,1778961257.320888,335825988,SENSOR_FAST,Gate,0
1778961265.554215,343033552,1778961257.553932,336065624,SENSOR,WM2,0
1778961268.294018,345770228,1778961258.565150,337068228,SENSOR,Lick Right,0
1778961268.294018,345771112,1778961264.682334,343194800,SENSOR,Right Back,0
1778961268.294018,345771964,1778961265.212116,343715036,SENSOR,Right Front,0
1778961268.294018,345772816,1778961265.554215,344060976,SENSOR,Return Right,0
1778961268.985397,346453664,1778961268.295041,346800228,SENSOR,WM1,0
1778961271.302192,348766776,1778961268.295041,346801112,CUE1,4000,0
1778961272.048042,349519588,1778961268.295041,346801964,CUE2,4000,0
1778961272.356996,349802016,1778961268.295041,346802816,CORRECT_TURN,Left,0
1778961273.666179,351098240,1778961268.985397,347484304,SENSOR,Wait Sensor,0
1778961278.076799,355538292,1778961271.290064,349799592,SENSOR,Wait Sensor,0
1778961279.823134,357263052,1778961272.048042,350553112,SENSOR_FAST,Gate,0
1778961280.192893,357640552,1778961272.326253,350835804,SENSOR,WM2,0
1778961281.252925,358674884,1778961273.622350,352133244,SENSOR,Lick Left,0
1778961282.375033,359783788,1778961278.076799,356577468,SENSOR,Left Back,0
1778961287.600938,365055540,1778961279.795413,358303852,SENSOR,Left Front,0
1778961288.160958,365583396,1778961280.177932,358681708,SENSOR,Return Left,0
1778961302.491692,379874244,1778961281.208685,359717012,SENSOR,Return Left,0
1778961303.429087,380813368,1778961282.327604,360826956,SENSOR,Return Left,0
1778961304.427577,381837464,1778961287.602088,366103668,SENSOR,Return Left,0
1778961307.295220,384719380,1778961288.129521,366632020,SENSOR,Return Left,0
1778961308.170277,385599228,1778961302.450941,380936304,SENSOR,Return Left,0
1778961309.661925,387036584,1778961303.381951,381876308,SENSOR,Return Left,0
1778961313.641270,391022376,1778961304.399421,382901368,SENSOR,Left Front,0
1778961322.119363,399479712,1778961307.295220,385785992,SENSOR,Left Back,0
1778961323.179380,400585656,1778961308.171274,386666668,SENSOR,Left Back,0
1778961323.740988,401152476,1778961309.615002,388105376,SENSOR,Lick Left,0
1778961325.486625,402862948,1778961313.598324,392094916,SENSOR,Lick Left,0
1778961329.302190,406671772,1778961322.073337,400560200,SENSOR,Lick Left,0
1778961329.302190,406672660,1778961323.179380,401667184,SENSOR,Left Back,0
1778961329.302190,406673508,1778961323.741491,402234536,SENSOR,Left Front,0
1778961329.302190,406674360,1778961325.455247,403946616,SENSOR,Return Left,0
1778961329.675053,407037004,1778961329.272266,407759020,SENSOR,WM1,0
1778961331.609091,408959236,1778961329.272266,407759912,CUE1,4000,0
1778961332.794368,410167440,1778961329.272266,407760760,CUE2,4000,0
1778961333.043262,410395548,1778961329.272266,407761612,CORRECT_TURN,Left,0
1778961333.971154,411319360,1778961329.646611,408124596,SENSOR,Wait Sensor,0
1778961335.156282,412509216,1778961331.561144,410048636,SENSOR,Wait Sensor,0
1778961335.902328,413285664,1778961332.766593,411257972,SENSOR_FAST,Gate,0
1778961336.523151,413907712,1778961332.997662,411486296,SENSOR,WM2,0
1778961337.651111,414986952,1778961333.925761,412410976,SENSOR,Lick Right,0
1778961350.733097,428111536,1778961335.111091,413601948,SENSOR,Lick Right,0
1778961351.481342,428830828,1778961335.888600,414379128,SENSOR,Right Back,0
1778961352.102744,429466140,1778961336.509741,415001756,SENSOR,Right Front,0
1778961354.796505,432129052,1778961337.591165,416082012,SENSOR,Return Right,0
1778961358.353124,435678016,1778961350.733097,429218932,SENSOR,Return Right,0
1778961358.978125,436302100,1778961351.451026,429938900,SENSOR,Right Front,0
1778961359.662062,437030412,1778961352.086543,430574812,SENSOR,Right Back,0
1778961360.097230,437453956,1778961352.744171,431223968,SENSOR,Lick Right,0
1778961361.965721,439288204,1778961353.911167,432387176,SENSOR,Lick Right,0
1778961361.965721,439289088,1778961354.765076,433240216,SENSOR,Lick Right,0
1778961361.965721,439289984,1778961358.309005,436792524,SENSOR,Lick Right,0
1778961361.965721,439290888,1778961358.943897,437417192,SENSOR,Right Back,0
1778961362.403259,439732312,1778961359.662062,438146188,SENSOR,Right Front,0
1778961363.401893,440758396,1778961360.085570,438570132,SENSOR,Return Right,0
1778961364.089223,441405920,1778961361.935490,440406104,SENSOR,WM1,0
1778961365.429813,442787016,1778961361.935490,440406988,CUE1,13000,0
1778961365.679838,443001872,1778961361.935490,440407884,CUE2,13000,0
1778961366.550933,443891876,1778961361.935490,440408788,CORRECT_TURN,Right,0
1778961374.597092,451942208,1778961362.374469,440850628,SENSOR,Wait Sensor,0
1778961375.785828,453089132,1778961363.402479,441877676,SENSOR,Wait Sensor,0
1778961376.347525,453661948,1778961364.042408,442525808,SENSOR,Wait Sensor,0
1778961376.723167,454038332,1778961365.429813,443908200,SENSOR_FAST,Gate,0
1778961378.844352,456178668,1778961365.639114,444123260,SENSOR,WM2,0
1778961380.530978,457870688,1778961366.535355,445014096,SENSOR,Lick Right,0
1778961381.337631,458661644,1778961374.598210,453071992,SENSOR,Lick Right,0
1778961381.898381,459235440,1778961375.738897,454219996,SENSOR,Right Back,0
1778961382.336370,459652932,1778961376.317110,454793352,SENSOR,Right Front,0
1778961386.077892,463381872,1778961376.693579,455170088,SENSOR,Return Right,0
1778961386.571468,463857552,1778961378.844352,457312436,SENSOR,Return Right,0
1778961387.258463,464592096,1778961380.532178,459006044,SENSOR,Return Right,0
1778961387.759185,465056484,1778961381.328906,459797744,SENSOR,Right Front,0
1778961389.314090,466611540,1778961381.898381,460372080,SENSOR,Right Back,0
1778961389.314090,466612428,1778961382.321083,460789964,SENSOR,Lick Right,0
1778961389.314090,466613280,1778961386.044243,464522408,SENSOR,Lick Right,0
1778961389.314090,466614132,1778961386.524352,464998536,SENSOR,Right Back,0
1778961389.815491,467113924,1778961387.258463,465733764,SENSOR,Right Front,0
1778961392.866725,470167600,1778961387.726982,466198592,SENSOR,Return Right,0
1778961393.054476,470381480,1778961389.283350,467755108,SENSOR,WM1,0
1778961393.987625,471285900,1778961389.283350,467755996,CUE1,4000,0
1778961405.078281,482357168,1778961389.284433,467756848,CUE2,4000,0
1778961406.202292,483492764,1778961389.287698,467757704,CORRECT_TURN,Left,0
1778961406.763318,484062624,1778961389.784420,468257964,SENSOR,Wait Sensor,0
1778961407.384888,484679476,1778961392.847239,471314508,SENSOR_FAST,Gate,0
1778961420.813762,498097576,1778961393.054476,471528588,SENSOR,WM2,0
1778961434.459115,511688712,1778961393.972390,472433856,SENSOR,Lick Left,0
1778961439.512256,516730248,1778961405.049983,483515524,SENSOR,Lick Left,0
1778961439.512256,516731128,1778961406.186474,484652188,SENSOR,Left Back,0
1778961439.512256,516731980,1778961406.763318,485222584,SENSOR,Left Front,0
1778961439.512256,516732832,1778961407.371044,485840016,SENSOR,Return Left,0
1778961439.945347,517174336,1778961420.813762,499270712,SENSOR,Return Left,0
1778961441.006155,518232080,1778961434.413308,512874612,SENSOR,Return Left,0
1778961441.751599,519001480,1778961439.466583,517920876,SENSOR,WM1,0
1778961443.061097,520276044,1778961439.466583,517921760,CUE1,4000,0
1778961443.309105,520529860,1778961439.467808,517922612,CUE2,4000,0
1778961444.058583,521316612,1778961439.467808,517923464,CORRECT_TURN,Left,0
1778961449.648869,526892136,1778961439.903574,518365384,SENSOR,Wait Sensor,0
1778961452.816509,530019608,1778961440.979547,519424120,SENSOR,Wait Sensor,0
1778961453.936319,531140904,1778961441.736396,520194240,SENSOR,Wait Sensor,0
1778961454.496364,531731188,1778961443.014363,521470000,SENSOR_FAST,Gate,0
1778961455.180296,532424668,1778961443.262232,521724052,SENSOR,WM2,0
1778961462.117534,539319944,1778961444.061034,522511544,SENSOR,Lick Left,0
1778961462.117534,539320828,1778961449.635540,528092300,SENSOR,Lick Left,0
1778961462.117534,539321724,1778961452.769585,531222704,SENSOR,Lick Left,0
1778961462.117534,539322632,1778961453.890985,532345052,SENSOR,Left Back,0
1778961462.369589,539609604,1778961454.485664,532935892,SENSOR,Left Front,0
1778961463.927257,541153268,1778961455.180296,533630020,SENSOR,Return Left,0
1778961464.612058,541842924,1778961462.086346,540531768,SENSOR,WM1,0
1778961465.441603,542662304,1778961462.086346,540532652,CUE1,13000,0
1778961465.624314,542834076,1778961462.087421,540533548,CUE2,13000,0
1778961465.809682,543041944,1778961462.087421,540534456,CORRECT_TURN,Right,0
1778961466.752049,543976900,1778961462.378452,540821700,SENSOR,Wait Sensor,0
1778961471.489858,548706516,1778961463.913346,542366812,SENSOR,Wait Sensor,0
1778961472.112206,549286568,1778961464.612058,543057112,SENSOR,Wait Sensor,0
1778961472.610320,549826676,1778961465.424401,543877252,SENSOR,Wait Sensor,0
1778961474.977477,552147944,1778961465.596426,544049196,SENSOR_FAST,Gate,0
1778961474.977477,552148832,1778961465.809682,544257260,SENSOR,WM2,0
1778961474.977477,552149680,1778961466.739690,545193092,SENSOR,Lick Right,0
1778961474.977830,552150532,1778961471.474284,549927144,SENSOR,Right Back,0
1778961475.476660,552668696,1778961472.073255,550507740,SENSOR,Right Front,0
1778961476.848849,554066132,1778961472.597124,551048356,SENSOR,Return Right,0
1778961478.287464,555494268,1778961474.931168,553371800,SENSOR,WM1,0
1778961478.537215,555705040,1778961474.931168,553372688,CUE1,4000,0
1778961478.724246,555919812,1778961474.932357,553373536,CUE2,4000,0
1778961479.721451,556909236,1778961474.932357,553374388,CORRECT_TURN,Left,0
1778961481.464449,558638092,1778961475.445478,553893040,SENSOR,Wait Sensor,0
1778961483.081467,560241272,1778961476.848849,555291788,SENSOR,Wait Sensor,0
1778961483.833472,561018832,1778961478.272193,556721260,SENSOR,Wait Sensor,0
1778961484.199169,561405348,1778961478.489877,556932232,SENSOR_FAST,Gate,0
1778961486.006720,563197740,1778961478.708364,557147204,SENSOR,WM2,0
1778961486.006720,563198624,1778961479.691835,558137556,SENSOR,Lick Right,0
1778961486.006720,563199476,1778961481.417914,559868032,SENSOR,Lick Right,0
1778961486.006720,563200324,1778961483.034316,561472716,SENSOR,Right Back,0
1778961486.505099,563687864,1778961483.812107,562251004,SENSOR,Right Front,0
1778961489.509104,566719004,1778961484.199169,562637884,SENSOR,Return Right,0
1778961489.758429,566926768,1778961485.991333,564431952,SENSOR,WM1,0
1778961491.002023,568159560,1778961485.991333,564432836,CUE1,4000,0
1778961498.736649,575923452,1778961485.991333,564433688,CUE2,4000,0
1778961500.483269,577622628,1778961485.992658,564434540,CORRECT_TURN,Left,0
1778961500.982214,578171080,1778961486.473801,564922540,SENSOR,Wait Sensor,0
1778961501.229883,578411468,1778961487.803236,566239436,SENSOR,Wait Sensor,0
1778961503.469019,580659128,1778961489.327857,567766228,SENSOR,Wait Sensor,0
1778961505.588677,582725552,1778961489.509104,567956520,SENSOR_FAST,Gate,0
1778961511.194439,588365636,1778961489.727286,568164476,SENSOR,WM2,0
1778961524.846995,601989492,1778961490.955980,569398424,SENSOR,Lick Left,0
1778961526.403220,603527108,1778961498.736649,577169592,SENSOR,Lick Left,0
1778961528.833226,605977268,1778961500.436616,578870360,SENSOR,Lick Left,0
1778961531.325431,608441848,1778961500.982214,579419328,SENSOR,Lick Left,0
1778961532.319656,609424896,1778961501.228887,579659940,SENSOR,Lick Left,0
1778961536.565364,613656216,1778961503.469019,581909708,SENSOR,Lick Left,0
1778961538.189961,615325848,1778961505.542357,583978068,SENSOR,Lick Left,0
1778961538.938368,616024568,1778961511.182299,589623440,SENSOR,Left Back,0
1778961539.623506,616747808,1778961524.833656,603260056,SENSOR,Left Back,0
1778961541.943108,619072144,1778961526.372455,604799112,SENSOR,Lick Left,0
1778961541.943108,619073032,1778961528.817290,607251568,SENSOR,Lick Left,0
1778961541.943108,619073884,1778961531.294595,609718456,SENSOR,Lick Left,0
1778961541.943108,619074736,1778961532.272372,610702424,SENSOR,Lick Left,0
1778961542.504672,619609388,1778961536.504387,614937708,SENSOR,Lick Left,0
1778961543.884724,621016088,1778961538.174296,616608900,SENSOR,Left Back,0
1778961544.257707,621391456,1778961538.875499,617308272,SENSOR,Left Front,0
1778961544.566623,621677968,1778961539.608647,618032192,SENSOR,Return Left,0
1778961545.313274,622413496,1778961541.927490,620358700,SENSOR,WM1,0
1778961545.503518,622612924,1778961541.930514,620359588,CUE1,4000,0
1778961545.688823,622822752,1778961541.938042,620360444,CUE2,4000,0
1778961546.559218,623684080,1778961541.938042,620361296,CORRECT_TURN,Left,0
1778961561.535173,638630712,1778961542.474311,620896448,SENSOR,Wait Sensor,0
1778961566.406364,643464568,1778961543.884724,622304468,SENSOR,Wait Sensor,0
1778961566.406364,643465452,1778961544.258850,622680188,SENSOR,Wait Sensor,0
1778961566.406364,643466348,1778961544.537789,622966964,SENSOR,Wait Sensor,0
1778961566.406364,643467256,1778961545.281193,623703184,SENSOR,Wait Sensor,0
1778961567.026271,644108096,1778961545.472214,623902796,SENSOR_FAST,Gate,0
1778961568.274406,645347012,1778961545.688823,624112820,SENSOR,WM2,0
1778961568.712529,645785912,1778961546.545442,624974952,SENSOR,Lick Left,0
1778961569.461254,646518388,1778961557.342020,635752568,SENSOR,Left Back,0
1778961569.958668,647039084,1778961560.587432,638993600,SENSOR,Left Front,0
1778961570.206490,647268292,1778961561.519747,639935572,SENSOR,Return Left,0
1778961571.387928,648475492,1778961566.359203,644773948,SENSOR,WM1,0
1778961581.482378,658567852,1778961566.359203,644774832,CUE1,13000,0
1778961582.164458,659256360,1778961566.359203,644775732,CUE2,13000,0
1778961582.600403,659673752,1778961566.361225,644776640,CORRECT_TURN,Right,0
1778961585.089385,662161752,1778961566.994928,645418080,SENSOR,Wait Sensor,0
1778961589.703147,666732732,1778961568.242680,646658152,SENSOR,Wait Sensor,0
1778961589.703147,666733640,1778961568.681982,647097468,SENSOR,Wait Sensor,0
1778961589.703147,666734528,1778961569.413435,647830624,SENSOR,Wait Sensor,0
1778961589.703147,666735432,1778961569.934480,648351808,SENSOR_FAST,Gate,0
1778961590.143214,667198276,1778961570.162257,648581232,SENSOR,WM2,0
1778961591.697380,668727640,1778961571.379506,649789560,SENSOR,Lick Right,0
1778961593.191396,670263168,1778961581.483376,659891360,SENSOR,Right Back,0
1778961593.439372,670476168,1778961582.164458,660580512,SENSOR,Right Front,0
1778961594.311451,671383480,1778961582.585301,660998296,SENSOR,Return Right,0
1778961600.012614,677037852,1778961585.073364,663488624,SENSOR,Return Right,0
1778961601.513509,678540732,1778961589.658920,668063872,SENSOR,WM1,0
1778961602.073085,679130024,1778961589.658920,668064780,CUE1,13000,0
1778961602.515560,679525836,1778961589.659429,668065672,CUE2,13000,0
1778961604.070514,681083904,1778961589.659429,668066576,CORRECT_TURN,Right,0
1778961604.070514,681084788,1778961590.112839,668529852,SENSOR,Wait Sensor,0
1778961604.070514,681085684,1778961591.651360,670060648,SENSOR,Wait Sensor,0
1778961604.070514,681086588,1778961593.198686,671597608,SENSOR_FAST,Gate,0
1778961604.509889,681560780,1778961593.393290,671810808,SENSOR,WM2,0
1778961606.315719,683350060,1778961594.311451,672718972,SENSOR,Lick Right,0
1778961606.812296,683851292,1778961599.965545,678378632,SENSOR,Lick Right,0
1778961607.622551,684648256,1778961601.467120,679882920,SENSOR,Right Back,0
1778961607.871528,684903056,1778961602.061100,680472760,SENSOR,Right Front,0
1778961608.690302,685751116,1778961602.465326,680868940,SENSOR,Return Right,0
1778961613.855567,690911404,1778961604.023577,682428468,SENSOR,WM1,0
1778961616.971251,694010052,1778961604.024752,682429352,CUE1,13000,0
1778961623.020311,700054252,1778961604.025814,682430248,CUE2,13000,0
1778961623.020311,700055136,1778961604.025814,682431152,CORRECT_TURN,Right,0
1778961623.020311,700056036,1778961604.493743,682905792,SENSOR,Wait Sensor,0
1778961623.020311,700056944,1778961606.284639,684696744,SENSOR,Wait Sensor,0
1778961623.332819,700344752,1778961606.797519,685198444,SENSOR,Wait Sensor,0
1778961623.832578,700874796,1778961607.591467,685996156,SENSOR_FAST,Gate,0
1778961625.389649,702419624,1778961607.839469,686251192,SENSOR,WM2,0
1778961626.065265,703092724,1778961608.690302,687100044,SENSOR,Lick Right,0
1778961626.508357,703549920,1778961613.855567,692265160,SENSOR,Right Back,0
1778961626.757991,703797584,1778961614.419590,692827332,SENSOR,Right Front,0
1778961627.633110,704619144,1778961615.571255,693974124,SENSOR,Return Right,0
1778961634.056595,711065380,1778961616.961415,695366708,SENSOR,Return Right,0
1778961634.615666,711629068,1778961623.020311,701416560,SENSOR,WM1,0
1778961635.054202,712027988,1778961623.021313,701417444,CUE1,13000,0
1778961636.309049,713314976,1778961623.021313,701418344,CUE2,13000,0
1778961636.309049,713315868,1778961623.021313,701419252,CORRECT_TURN,Right,0
1778961636.309049,713316716,1778961623.302523,701707332,SENSOR,WM1,0
1778961636.309049,713317568,1778961623.832578,702237868,SENSOR,Wait Sensor,0
1778961636.739005,713725220,1778961625.377758,703784144,SENSOR,Wait Sensor,0
1778961637.919617,714922232,1778961626.057079,704457872,SENSOR,Wait Sensor,0
1778961638.982888,716001480,1778961626.508357,704915496,SENSOR_FAST,Gate,0
1778961639.859210,716830076,1778961626.757991,705163400,SENSOR,WM2,0
1778961640.047214,717035764,1778961627.585409,705985716,SENSOR,Lick Right,0
1778961640.913133,717902292,1778961634.046742,712437984,SENSOR,Right Back,0
1778961647.857573,724862032,1778961634.599622,713002200,SENSOR,Right Front,0
1778961648.417478,725413476,1778961635.007879,713401488,SENSOR,Return Right,0
1778961648.857276,725833888,1778961636.286779,714689684,SENSOR,WM1,0
1778961650.347372,727327604,1778961636.288106,714690576,CUE1,4000,0
1778961650.347372,727328496,1778961636.289139,714691420,CUE2,4000,0
1778961650.347372,727329344,1778961636.292518,714692276,CORRECT_TURN,Left,0
1778961650.347372,727330196,1778961636.707994,715100308,SENSOR,Wait Sensor,0
1778961650.659442,727629364,1778961637.903558,716298440,SENSOR,Wait Sensor,0
1778961652.223194,729184496,1778961638.982888,717378696,SENSOR,Wait Sensor,0
1778961653.157654,730122584,1778961639.812863,718208068,SENSOR_FAST,Gate,0
1778961653.856996,730854984,1778961640.015996,718413948,SENSOR,WM2,0
1778961654.109292,731077048,1778961640.888349,719281284,SENSOR,Lick Left,0
1778961655.043110,732014164,1778961647.857573,726247532,SENSOR,Left Back,0
1778961664.531101,741506012,1778961648.401313,726799492,SENSOR,Left Front,0
1778961665.093221,742065672,1778961648.822272,727220296,SENSOR,Return Left,0
1778961665.466680,742427648,1778961650.315948,728715408,SENSOR,WM1,0
1778961666.775529,743760684,1778961650.317106,728716300,CUE1,4000,0
1778961666.775529,743761568,1778961650.320270,728717148,CUE2,4000,0
1778961666.775529,743762464,1778961650.321267,728718004,CORRECT_TURN,Left,0
1778961666.775529,743763368,1778961650.620415,729017452,SENSOR,Wait Sensor,0
1778961667.088165,744066704,1778961652.182484,730574036,SENSOR,Wait Sensor,0
1778961668.651148,745585840,1778961653.114077,731513004,SENSOR,Wait Sensor,0
1778961669.152238,746103556,1778961653.856996,732246088,SENSOR_FAST,Gate,0
1778961670.086454,747047864,1778961654.076535,732468360,SENSOR,WM2,0
1778961670.273144,747253340,1778961655.012983,733406352,SENSOR,Lick Left,0
1778961670.523257,747462224,1778961664.516281,742907068,SENSOR,Left Back,0
1778961671.457319,748409428,1778961665.078094,743467248,SENSOR,Left Front,0
1778961679.077517,756047564,1778961665.435325,743829560,SENSOR,Return Left,0
1778961679.764394,756705360,1778961666.776526,745163844,SENSOR,WM1,0
1778961680.137542,757095068,1778961666.776526,745164728,CUE1,13000,0
1778961681.574168,758508944,1778961666.776526,745165628,CUE2,13000,0
1778961681.574168,758509832,1778961666.777533,745166536,CORRECT_TURN,Right,0
1778961681.574168,758510680,1778961667.088165,745470152,SENSOR,Wait Sensor,0
1778961681.574168,758511536,1778961668.604292,746990704,SENSOR,Wait Sensor,0
1778961682.071133,758988756,1778961669.121231,747508908,SENSOR,Wait Sensor,0
1778961682.819528,759787764,1778961670.058045,748454100,SENSOR,Wait Sensor,0
1778961683.191531,760112052,1778961670.273144,748659768,SENSOR_FAST,Gate,0
1778961683.881154,760823156,1778961670.481293,748868844,SENSOR,WM2,0
1778961684.126296,761066620,1778961671.426006,749816936,SENSOR,Lick Right,0
1778961684.873424,761840068,1778961679.077517,757462212,SENSOR,Right Back,0
1778961685.063498,762029180,1778961679.738208,758120620,SENSOR,Right Front,0
1778961685.311146,762278796,1778961680.122303,758510696,SENSOR,Return Right,0
1778961686.122366,763090104,1778961681.545370,759925892,SENSOR,WM1,0
1778961692.729062,769686684,1778961681.545370,759926776,CUE1,4000,0
1778961693.292433,770212604,1778961681.545370,759927632,CUE2,4000,0
1778961694.913792,771853440,1778961681.546623,759928488,CORRECT_TURN,Left,0
1778961698.346518,775265288,1778961682.024682,760406152,SENSOR,Wait Sensor,0
1778961703.942448,780881820,1778961682.820524,761205908,SENSOR,Wait Sensor,0
1778961704.563147,781476216,1778961683.146093,761530500,SENSOR,Wait Sensor,0
1778961714.353471,791267768,1778961683.862153,762242268,SENSOR,Wait Sensor,0
1778961714.353471,791268652,1778961684.095485,762485960,SENSOR,Wait Sensor,0
1778961714.353471,791269504,1778961684.873424,763260128,SENSOR,Wait Sensor,0
1778961714.353471,791270360,1778961685.064562,763449416,SENSOR_FAST,Gate,0
1778961714.728540,791634120,1778961685.311146,763699268,SENSOR,WM2,0
1778961716.791224,793704760,1778961686.128284,764511336,SENSOR,Lick Left,0
1778961718.160393,795042868,1778961692.729062,771114080,SENSOR,Left Back,0
1778961718.408940,795307884,1778961693.262351,771640492,SENSOR,Left Front,0
1778961719.343675,796247032,1778961694.901082,773282860,SENSOR,Return Left,0
1778961727.465594,804357720,1778961698.322341,776697900,SENSOR,Return Left,0
1778961728.088599,804961356,1778961703.942448,782319680,SENSOR,Return Left,0
1778961728.465177,805352076,1778961704.532431,782914636,SENSOR,Return Left,0
1778961735.331416,812199228,1778961714.337536,792715344,SENSOR,WM1,0
1778961735.331416,812200116,1778961714.337536,792716228,CUE1,4000,0
1778961735.331416,812200968,1778961714.338559,792717084,CUE2,4000,0
1778961735.331416,812201824,1778961714.341383,792717936,CORRECT_TURN,Left,0
1778961735.829875,812721044,1778961714.712526,793082040,SENSOR,Wait Sensor,0
1778961736.831492,813727724,1778961716.775327,795154616,SENSOR,Wait Sensor,0
1778961737.143803,814022348,1778961718.113538,796493972,SENSOR_FAST,Gate,0
1778961739.468606,816328224,1778961718.377997,796759232,SENSOR,WM2,0
1778961739.656895,816557456,1778961719.330064,797699264,SENSOR,Lick Left,0
1778961740.590411,817456740,1778961727.452110,805817540,SENSOR,Left Back,0
1778961749.019059,825897788,1778961728.057428,806421736,SENSOR,Left Front,0
1778961749.703066,826586360,1778961728.435639,806812824,SENSOR,Return Left,0
1778961755.129046,831974732,1778961735.300120,813666384,SENSOR,WM1,0
1778961758.311486,835137984,1778961735.300120,813667268,CUE1,4000,0
1778961759.059354,835930904,1778961735.300120,813668124,CUE2,4000,0
1778961761.306364,838155824,1778961735.301630,813668976,CORRECT_TURN,Left,0
1778961763.302231,840140652,1778961735.814664,814188684,SENSOR,Wait Sensor,0
1778961763.302231,840141540,1778961736.831492,815196308,SENSOR,Wait Sensor,0
1778961763.302231,840142432,1778961737.126771,815491208,SENSOR,Wait Sensor,0
1778961763.302231,840143336,1778961739.424349,817799240,SENSOR,Gate,0
1778961763.737578,840607160,1778961739.663989,818028684,SENSOR,WM2,0
1778961765.429099,842247108,1778961740.559173,818928812,SENSOR,Lick Left,0
1778961766.800474,843662940,1778961749.019059,827377756,SENSOR,Lick Left,0
1778961767.053692,843868676,1778961749.704065,828066972,SENSOR,Lick Left,0
1778961767.920042,844748408,1778961755.099209,833460388,SENSOR,Lick Left,0
1778961776.478935,853276536,1778961758.264816,836626596,SENSOR,Left Back,0
1778961780.042634,856858248,1778961759.060389,837420260,SENSOR,Left Front,0
1778961782.662224,859500676,1778961761.290592,839647264,SENSOR,Return Left,0
1778961785.838941,862627144,1778961763.271160,841633948,SENSOR,WM1,0
1778961785.838941,862628032,1778961763.272480,841634836,CUE1,13000,0
1778961785.838941,862628876,1778961763.272480,841635728,CUE2,13000,0
1778961785.838941,862629732,1778961763.274605,841636632,CORRECT_TURN,Right,0
1778961786.209751,863042484,1778961763.738763,842100892,SENSOR,Wait Sensor,0
1778961787.212682,864046080,1778961765.377475,843742376,SENSOR,Wait Sensor,0
1778961788.209528,865038384,1778961766.801471,845159532,SENSOR_FAST,Gate,0
1778961788.645551,865442572,1778961767.002305,845365460,SENSOR,WM2,0
1778961789.330347,866142176,1778961767.890371,846246012,SENSOR,Lick Right,0
1778961789.517667,866351968,1778961776.417241,854782124,SENSOR,Right Back,0
1778961790.393573,867197108,1778961780.012132,858367188,SENSOR,Right Front,0
1778961800.348907,877143068,1778961782.669069,861012088,SENSOR,Return Right,0
1778961801.220672,878029076,1778961785.780922,864141480,SENSOR,WM1,0
1778961804.897578,881662844,1778961785.781428,864142372,CUE1,4000,0
1778961806.149013,882953892,1778961785.785005,864143220,CUE2,4000,0
1778961807.709524,884477248,1778961785.794780,864144072,CORRECT_TURN,Left,0
1778961807.709524,884478132,1778961786.209751,864557212,SENSOR,Wait Sensor,0
1778961807.709524,884479028,1778961787.212682,865561744,SENSOR,Wait Sensor,0
1778961807.709524,884479936,1778961788.194561,866554980,SENSOR,Wait Sensor,0
1778961808.021553,884791348,1778961788.598727,866959548,SENSOR,Wait Sensor,0
1778961809.143603,885934056,1778961789.301472,867659804,SENSOR_FAST,Gate,0
1778961810.580584,887335628,1778961789.517667,867869800,SENSOR,WM2,0
1778961811.203870,887958580,1778961790.364732,868715724,SENSOR,Lick Left,0
1778961811.392596,888206316,1778961800.318083,878670988,SENSOR,Left Back,0
1778961812.203354,889003272,1778961801.204705,879557828,SENSOR,Left Front,0
1778961817.051361,893830920,1778961804.838856,883195000,SENSOR,Return Left,0
1778961817.674284,894428392,1778961806.133080,884487256,SENSOR,Return Left,0
1778961818.045956,894825304,1778961807.662356,886012032,SENSOR,WM1,0
1778961819.416914,896178840,1778961807.662356,886012920,CUE1,13000,0
1778961819.416914,896179732,1778961807.663584,886013816,CUE2,13000,0
1778961819.416914,896180576,1778961807.663584,886014724,CORRECT_TURN,Right,0
1778961819.416914,896181432,1778961807.974505,886326428,SENSOR,Wait Sensor,0
1778961821.599509,898357928,1778961809.132485,887470204,SENSOR,Wait Sensor,0
1778961828.418856,905205088,1778961810.518945,888873088,SENSOR,Wait Sensor,0
1778961829.105505,905869024,1778961811.141347,889496624,SENSOR_FAST,Gate,0
1778961832.093266,908869640,1778961811.392596,889744592,SENSOR,WM2,0
1778961839.759951,916504648,1778961812.189766,890542292,SENSOR,Lick Right,0
1778961840.695554,917456000,1778961817.024626,895374464,SENSOR,Right Back,0
1778961841.505351,918232600,1778961817.626689,895972492,SENSOR,Right Front,0
1778961842.191517,918953800,1778961818.025589,896369776,SENSOR,Return Right,0
1778961852.293580,929009312,1778961819.374606,897724580,SENSOR,WM1,0
1778961852.731483,929464472,1778961819.374606,897725472,CUE1,4000,0
1778961855.976620,932723852,1778961819.378685,897726320,CUE2,4000,0
1778961855.976620,932724752,1778961819.382277,897727172,CORRECT_TURN,Left,0
1778961855.976620,932725604,1778961821.556191,899905708,SENSOR,Wait Sensor,0
1778961855.976620,932726460,1778961828.418856,906759276,SENSOR,Gate,0
1778961856.414923,933157712,1778961829.077003,907423836,SENSOR,WM2,0
1778961857.476598,934231964,1778961832.079320,910427256,SENSOR,Lick Right,0
1778961858.912401,935623268,1778961839.728572,918069420,SENSOR,Lick Right,0
1778961859.315603,936035600,1778961840.682218,919021660,SENSOR,Lick Right,0
1778961859.566764,936266740,1778961841.459678,919798984,SENSOR,Lick Right,0
1778961859.755454,936481592,1778961842.176416,920520860,SENSOR,Lick Right,0
1778961860.627028,937353168,1778961848.921675,927249508,SENSOR,Lick Right,0
1778961866.572423,943308324,1778961851.548168,929880180,SENSOR,Right Back,0
1778961869.754489,946462356,1778961852.247299,930585792,SENSOR,Right Front,0
1778961871.383644,948117700,1778961852.701638,931041376,SENSOR,Return Right,0
1778961874.067580,950808256,1778961855.962605,934303808,SENSOR,WM1,0
1778961892.464788,969170760,1778961855.965888,934304712,CUE1,4000,0
1778961929.521521,1006192624,1778961855.965888,934305564,CUE2,4000,0
1778961929.583440,1006193560,1778961855.969984,934306416,CORRECT_TURN,Left,0
1778961929.583440,1006194504,1778961856.402389,934738072,SENSOR,Wait Sensor,0
1778961929.590632,1006195464,1778961857.476598,935813336,SENSOR,Wait Sensor,0
1778961930.143476,1006809548,1778961858.865778,937205940,SENSOR,Wait Sensor,0
1778961931.641004,1008272460,1778961859.284600,937618660,SENSOR,Wait Sensor,0
1778961931.891327,1008550676,1778961859.519979,937850016,SENSOR_FAST,Gate,0
1778961932.577965,1009219852,1778961859.725395,938065068,SENSOR,WM2,0
1778961932.849205,1009493960,1778961860.597824,938937464,SENSOR,Lick Left,0
1778961933.089023,1009714888,1778961866.572423,944898196,SENSOR,Lick Left,0
1778961933.338514,1009967580,1778961869.723225,948055184,SENSOR,Left Back,0
1778961934.211390,1010850500,1778961871.383644,949712076,SENSOR,Left Back,0
1778961941.631382,1018287008,1778961874.069693,952405152,SENSOR,Left Front,0
1778961942.627687,1019239468,1778961892.467634,970784864,SENSOR,Return Left,0
1778961944.126202,1020774992,1778961929.522729,1007841432,SENSOR,WM1,0
1778961945.557357,1022204152,1778961929.526003,1007842368,CUE1,13000,0
1778961946.805616,1023448212,1778961929.526003,1007843312,CUE2,13000,0
1778961950.484817,1027122940,1778961929.530473,1007844272,CORRECT_TURN,Right,0
1778961950.484817,1027123872,1778961930.144607,1008458932,SENSOR,Wait Sensor,0
1778961950.484817,1027124776,1778961931.609134,1009923220,SENSOR,Wait Sensor,0
1778961950.484817,1027125688,1778961931.899305,1010201696,SENSOR,Wait Sensor,0
1778961951.108438,1027713256,1778961932.560718,1010871496,SENSOR,Wait Sensor,0
1778961952.539738,1029173200,1778961932.827216,1011145864,SENSOR,Wait Sensor,0
1778961954.054240,1030642220,1778961933.058270,1011367000,SENSOR_FAST,Gate,0
1778961954.242488,1030859092,1778961933.309115,1011619928,SENSOR,WM2,0
1778961955.115541,1031714448,1778961934.196630,1012503672,SENSOR,Lick Right,0
1778961960.905719,1037524240,1778961941.633480,1019947156,SENSOR,Right Back,0
1778961961.775071,1038373384,1778961942.596731,1020900504,SENSOR,Right Front,0
1778961963.950554,1040552452,1778961944.126202,1022437472,SENSOR,Return Right,0
1778961965.448029,1042070644,1778961945.557357,1023867972,SENSOR,Return Right,0
1778961967.879181,1044447136,1778961946.805616,1025113196,SENSOR,Return Right,0
1778961971.620785,1048185268,1778961950.485814,1028791368,SENSOR,WM1,0
1778961973.682725,1050281564,1778961950.485814,1028792300,CUE1,4000,0
1778961974.748972,1051306716,1778961950.485814,1028793208,CUE2,4000,0
1778961976.552244,1053124668,1778961950.485814,1028794112,CORRECT_TURN,Left,0
1778961981.100602,1057702776,1778961951.077419,1029382240,SENSOR,Wait Sensor,0
1778961987.718119,1064261380,1778961952.539738,1030843548,SENSOR,Wait Sensor,0
1778961988.901403,1065460448,1778961954.007690,1032313948,SENSOR_FAST,Gate,0
1778961989.524847,1066091656,1778961954.237125,1032531024,SENSOR,WM2,0
1778961990.213643,1066805760,1778961955.082371,1033387184,SENSOR,Lick Left,0
1778961999.890893,1076472472,1778961960.891506,1039202420,SENSOR,Left Back,0
1778961999.890893,1076473408,1778961961.746209,1040052364,SENSOR,Left Front,0
1778961999.890893,1076474308,1778961963.934909,1042233472,SENSOR,Return Left,0
1778961999.953884,1076475204,1778961965.448627,1043753088,SENSOR,Return Left,0
1778962001.137336,1077710352,1778961967.831897,1046131808,SENSOR,Return Left,0
1778962003.552498,1080094944,1778961971.573261,1049873444,SENSOR,Return Left,0
1778962003.798701,1080321168,1778961973.672809,1051971704,SENSOR,Left Front,0
1778962004.736858,1081295028,1778961974.697797,1052997816,SENSOR,Left Back,0
1778962015.261626,1091792472,1778961976.512816,1054817472,SENSOR,Lick Left,0
1778962015.512053,1092027812,1778961981.101605,1059399868,SENSOR,Lick Left,0
1778962016.011325,1092565928,1778961987.671478,1065964620,SENSOR,Lick Left,0
1778962016.695746,1093215540,1778961988.880579,1067164812,SENSOR,Left Back,0
1778962017.692725,1094237492,1778961989.496389,1067796612,SENSOR,Left Front,0
1778962018.313485,1094838084,1778961990.213643,1068511384,SENSOR,Return Left,0
1778962026.107251,1102615220,1778961999.891395,1078187160,SENSOR,WM1,0
1778962029.406909,1105950272,1778961999.891395,1078188096,CUE1,4000,0
1778962029.406909,1105951204,1778961999.892663,1078188996,CUE2,4000,0
1778962029.406909,1105952152,1778961999.895816,1078189892,CORRECT_TURN,Left,0
1778962029.470210,1105953108,1778962001.137336,1079426200,SENSOR,Wait Sensor,0
1778962029.844997,1106372844,1778962003.522290,1081813028,SENSOR_FAST,Gate,0
1778962030.593071,1107096192,1778962003.752887,1082039464,SENSOR,WM2,0
1778962031.841634,1108366760,1778962004.721610,1083014240,SENSOR,Lick Left,0
1778962032.338631,1108849648,1778962015.232877,1093521528,SENSOR,Lick Left,0
1778962032.964476,1109474612,1778962015.465136,1093757092,SENSOR,Lick Left,0
1778962033.149588,1109683452,1778962016.011325,1094295712,SENSOR,Left Back,0
1778962034.081823,1110611276,1778962016.652358,1094945932,SENSOR,Left Front,0
1778962039.320704,1115816576,1778962017.677341,1095968844,SENSOR,Return Left,0
1778962040.318895,1116792536,1778962018.283294,1096570000,SENSOR,Return Left,0
1778962040.943196,1117448348,1778962026.063731,1104354432,SENSOR,Return Left,0
1778962041.381450,1117870772,1778962029.406909,1107692616,SENSOR,WM1,0
1778962043.872514,1120395648,1778962029.406909,1107693544,CUE1,13000,0
1778962043.872514,1120396584,1778962029.406909,1107694496,CUE2,13000,0
1778962043.872514,1120397480,1778962029.410181,1107695456,CORRECT_TURN,Right,0
1778962043.872514,1120398380,1778962029.828842,1108115580,SENSOR,Wait Sensor,0
1778962044.492949,1120964492,1778962030.561803,1108839608,SENSOR,Wait Sensor,0
1778962045.552502,1122040760,1778962031.825524,1110111368,SENSOR,Wait Sensor,0
1778962045.925855,1122439700,1778962032.307409,1110594712,SENSOR,Wait Sensor,0
1778962046.423649,1122948236,1778962032.933187,1111220260,SENSOR_FAST,Gate,0
1778962047.485465,1123987464,1778962033.149588,1111429296,SENSOR,WM2,0
1778962047.737547,1124237112,1778962034.081823,1112357992,SENSOR,Lick Right,0
1778962048.610705,1125117040,1778962039.288797,1117568176,SENSOR,Lick Right,0
1778962057.787986,1134286568,1778962040.259937,1118545052,SENSOR,Right Back,0
1778962058.414703,1134922808,1778962040.914831,1119201480,SENSOR,Right Front,0
1778962058.852883,1135328924,1778962041.347943,1119624300,SENSOR,Return Right,0
1778962060.597700,1137090668,1778962043.872514,1122151544,SENSOR,WM1,0
1778962060.597700,1137091628,1778962043.872514,1122152476,CUE1,4000,0
1778962060.597700,1137092520,1778962043.873700,1122153380,CUE2,4000,0
1778962060.597700,1137093424,1778962043.873700,1122154284,CORRECT_TURN,Left,0
1778962060.972601,1137472324,1778962044.446986,1122720920,SENSOR,Wait Sensor,0
1778962062.596220,1139096852,1778962045.522314,1123798196,SENSOR,Wait Sensor,0
1778962063.218379,1139707660,1778962045.912894,1124197516,SENSOR,Wait Sensor,0
1778962064.117560,1140605748,1778962046.423649,1124706524,SENSOR,Wait Sensor,0
1778962064.372447,1140826864,1778962047.469513,1125746728,SENSOR_FAST,Gate,0
1778962065.363492,1141809916,1778962047.711454,1125996612,SENSOR,WM2,0
1778962073.975978,1150435248,1778962048.595537,1126877364,SENSOR,Lick Left,0
1778962074.974545,1151449000,1778962057.773971,1136055496,SENSOR,Left Back,0
1778962088.138955,1164587940,1778962058.415921,1136692336,SENSOR,Left Front,0
1778962092.627821,1169040152,1778962058.823148,1137098832,SENSOR,Return Left,0
1778962093.814979,1170264848,1778962060.582586,1138862228,SENSOR,WM1,0
1778962098.356899,1174769260,1778962060.583585,1138863188,CUE1,4000,0
1778962102.477567,1178907384,1778962060.594003,1138864080,CUE2,4000,0
1778962109.145754,1185537620,1778962060.594003,1138864988,CORRECT_TURN,Left,0
1778962112.262558,1188676320,1778962060.972601,1139244244,SENSOR,Wait Sensor,0
1778962112.262558,1188677260,1778962062.596220,1140870296,SENSOR,Wait Sensor,0
1778962112.262558,1188678168,1778962063.218379,1141481676,SENSOR,Wait Sensor,0
1778962112.262558,1188679072,1778962064.102482,1142380608,SENSOR_FAST,Gate,0
1778962112.638987,1189049884,1778962064.322855,1142601932,SENSOR,WM2,0
1778962114.198622,1190598700,1778962065.305641,1143585904,SENSOR,Lick Left,0
1778962115.818512,1192232384,1778962073.947774,1152219332,SENSOR,Lick Left,0
1778962116.004377,1192442248,1778962074.958769,1153234036,SENSOR,Lick Left,0
1778962116.873808,1193294380,1778962088.122936,1166385312,SENSOR,Lick Left,0
1778962123.710724,1200139620,1778962092.582232,1170841700,SENSOR,Left Back,0
1778962124.335047,1200743156,1778962093.798926,1172067548,SENSOR,Left Front,0
1778962124.773899,1201161556,1778962098.310353,1176576188,SENSOR,Left Front,0
1778962125.455749,1201865388,1778962102.464233,1180718192,SENSOR,Left Front,0
1778962129.267787,1205674152,1778962109.100268,1187354660,SENSOR,Return Left,0
1778962131.202455,1207622088,1778962112.235954,1190496308,SENSOR,WM1,0
1778962131.202455,1207623024,1778962112.235954,1190497248,CUE1,4000,0
1778962131.202455,1207623924,1778962112.235954,1190498156,CUE2,4000,0
1778962131.264891,1207624832,1778962112.239234,1190499060,CORRECT_TURN,Left,0
1778962131.576845,1207958648,1778962112.611510,1190870224,SENSOR,Wait Sensor,0
1778962133.816775,1210231804,1778962114.166640,1192420492,SENSOR,Wait Sensor,0
1778962134.875450,1211253840,1778962115.790148,1194055708,SENSOR_FAST,Gate,0
1778962135.125900,1211506624,1778962116.004377,1194265768,SENSOR,WM2,0
1778962136.063231,1212442672,1778962116.860363,1195118704,SENSOR,Lick Left,0
1778962141.445812,1217841216,1778962123.710724,1201970368,SENSOR,Left Back,0
1778962142.445200,1218830576,1778962124.321773,1202574472,SENSOR,Left Front,0
1778962142.813924,1219210016,1778962124.744237,1202993260,SENSOR,Return Left,0
1778962143.948013,1220337348,1778962125.440475,1203697756,SENSOR,Return Left,0
1778962143.948013,1220338276,1778962129.259106,1207510088,SENSOR,Return Left,0
1778962143.948013,1220339184,1778962131.202455,1209459860,SENSOR,WM1,0
1778962143.948013,1220340096,1778962131.203775,1209460800,CUE1,4000,0
1778962144.313781,1220680120,1778962131.203775,1209461700,CUE2,4000,0
1778962145.251454,1221647980,1778962131.217900,1209462608,CORRECT_TURN,Left,0
1778962146.116739,1222509332,1778962131.545765,1209796736,SENSOR,Wait Sensor,0
1778962147.531604,1223877092,1778962133.816775,1212072028,SENSOR,Wait Sensor,0
1778962147.717647,1224091016,1778962134.844691,1213095024,SENSOR_FAST,Gate,0
1778962148.591487,1224937048,1778962135.094909,1213348044,SENSOR,WM2,0
1778962153.077404,1229414892,1778962136.031596,1214284972,SENSOR,Lick Left,0
1778962159.696731,1236062528,1778962141.445812,1219688588,SENSOR,Left Back,0
1778962160.193349,1236535260,1778962142.426716,1220678876,SENSOR,Left Front,0
1778962160.694672,1237073420,1778962142.802510,1221058672,SENSOR,Return Left,0
1778962161.068665,1237433444,1778962143.949197,1222187064,SENSOR,WM1,0
1778962162.131891,1238511660,1778962143.949197,1222187992,CUE1,4000,0
1778962162.131891,1238512588,1778962143.949197,1222188900,CUE2,4000,0
1778962162.131891,1238513540,1778962143.949197,1222189808,CORRECT_TURN,Left,0
1778962162.193747,1238514500,1778962144.282483,1222530156,SENSOR,Wait Sensor,0
1778962162.505970,1238838064,1778962145.252509,1223498928,SENSOR,Wait Sensor,0
1778962163.442784,1239812016,1778962146.116739,1224361084,SENSOR,Wait Sensor,0
1778962165.063975,1241413032,1778962147.484863,1225730132,SENSOR_FAST,Gate,0
1778962165.499321,1241847856,1778962147.688856,1225944256,SENSOR,WM2,0
1778962165.687120,1242028824,1778962148.544827,1226791084,SENSOR,Lick Left,0
1778962165.936698,1242268436,1778962153.031487,1231273132,SENSOR,Lick Left,0
1778962166.812672,1243140920,1778962159.680867,1237927012,SENSOR,Lick Left,0
1778962171.867985,1248188684,1778962160.153919,1238400188,SENSOR,Left Back,0
1778962177.362845,1253699848,1778962160.695669,1238938856,SENSOR,Left Front,0
1778962182.097770,1258422068,1778962161.053472,1239299216,SENSOR,Return Left,0
1778962182.845983,1259155624,1778962162.131891,1240378448,SENSOR,WM1,0
1778962185.716962,1262026224,1778962162.131891,1240379376,CUE1,13000,0
1778962185.716962,1262027156,1778962162.134489,1240380328,CUE2,13000,0
1778962185.716962,1262028108,1778962162.134489,1240381288,CORRECT_TURN,Right,0
1778962185.716962,1262029068,1778962162.459314,1240705156,SENSOR,Wait Sensor,0
1778962186.342638,1262668704,1778962163.445184,1241680024,SENSOR,Wait Sensor,0
1778962187.650473,1263985400,1778962165.040130,1243282544,SENSOR,Wait Sensor,0
1778962188.147414,1264448832,1778962165.469147,1243717776,SENSOR,Wait Sensor,0
1778962189.078592,1265354172,1778962165.662513,1243898912,SENSOR_FAST,Gate,0
1778962189.265838,1265577256,1778962165.892431,1244138748,SENSOR,WM2,0
1778962189.453067,1265804452,1778962166.766029,1245012052,SENSOR,Lick Right,0
1778962190.325735,1266672964,1778962171.820063,1250064560,SENSOR,Right Back,0
1778962191.106015,1267168040,1778962177.341908,1255580900,SENSOR,Right Front,0
1778962191.680842,1268003960,1778962182.065973,1260307556,SENSOR,Return Right,0
1778962192.237404,1268542016,1778962182.798617,1261041800,SENSOR,Return Right,0
1778962192.671503,1268988012,1778962185.672871,1263915096,SENSOR,WM1,0
1778962194.791503,1271108764,1778962185.672871,1263916028,CUE1,13000,0
1778962194.791503,1271109696,1778962185.676955,1263916980,CUE2,13000,0
1778962194.791503,1271110600,1778962185.680012,1263917940,CORRECT_TURN,Right,0
1778962194.791503,1271111512,1778962186.315226,1264558176,SENSOR,Wait Sensor,0
1778962195.229897,1271528292,1778962187.637403,1265876112,SENSOR,Wait Sensor,0
1778962199.594806,1275916092,1778962188.099964,1266339980,SENSOR,Wait Sensor,0
1778962200.900871,1277224560,1778962189.002729,1267246172,SENSOR,Wait Sensor,0
1778962204.015024,1280341812,1778962189.249429,1267469464,SENSOR_FAST,Gate,0
1778962210.374980,1286677396,1778962189.454064,1267696872,SENSOR,WM2,0
1778962215.423544,1291722048,1778962190.325735,1268566200,SENSOR,Lick Left,0
1778962215.798895,1292053564,1778962190.824735,1269061740,SENSOR,Lick Left,0
1778962216.231766,1292540480,1778962191.666208,1269898448,SENSOR,Left Back,0
1778962216.543776,1292854584,1778962192.206994,1270437008,SENSOR,Left Front,0
1778962216.791746,1293104184,1778962192.643649,1270883424,SENSOR,Return Left,0
1778962222.421765,1298708424,1778962194.783693,1273006168,SENSOR,WM1,0
1778962228.416919,1304688028,1778962194.783693,1273007100,CUE1,4000,0
1778962229.546690,1305795052,1778962194.783693,1273008008,CUE2,4000,0
1778962231.914660,1308156132,1778962194.783693,1273008912,CORRECT_TURN,Left,0
1778962234.719681,1311000220,1778962195.187225,1273426092,SENSOR,Wait Sensor,0
1778962235.781757,1312032420,1778962199.579040,1277818012,SENSOR,Wait Sensor,0
1778962238.775396,1315033940,1778962200.888166,1279127708,SENSOR,Wait Sensor,0
1778962240.520543,1316750628,1778962204.015024,1282247888,SENSOR,Wait Sensor,0
1778962241.265863,1317544468,1778962210.368652,1288589420,SENSOR,Wait Sensor,0
1778962251.247752,1327498736,1778962215.408311,1293638816,SENSOR,Wait Sensor,0
1778962251.247752,1327499672,1778962215.740836,1293970640,SENSOR,Wait Sensor,0
1778962251.247752,1327500568,1778962216.232821,1294458016,SENSOR,Gate,0
1778962251.247752,1327501468,1778962216.543776,1294772416,SENSOR,Gate,0
1778962252.245836,1328475688,1778962216.791746,1295022248,SENSOR,WM2,0
1778962253.057734,1329273664,1778962222.406341,1300631752,SENSOR,Lick Right,0
1778962256.105875,1332329552,1778962228.387842,1306616976,SENSOR,Right Back,0
1778962257.413271,1333619520,1778962229.504605,1307725040,SENSOR,Right Front,0
1778962257.722719,1333939716,1778962231.868283,1310088340,SENSOR,Right Front,0
1778962258.724851,1334940276,1778962234.706897,1312935100,SENSOR,Right Front,0
1778962263.706401,1339941936,1778962235.749543,1313968268,SENSOR,Right Front,0
1778962264.332931,1340539340,1778962238.745910,1316972612,SENSOR,Return Right,0
1778962264.707336,1340904496,1778962240.473526,1318690912,SENSOR,Return Right,0
1778962268.821607,1345046812,1778962241.265863,1319485500,SENSOR,Return Right,0
1778962268.821607,1345047756,1778962251.235043,1329449124,SENSOR,WM1,0
1778962268.821607,1345048716,1778962251.235043,1329450060,CUE1,4000,0
1778962268.821607,1345049672,1778962251.235557,1329450960,CUE2,4000,0
1778962270.065250,1346288832,1778962251.235557,1329451860,CORRECT_TURN,Left,0
1778962271.123162,1347367180,1778962252.205259,1330426996,SENSOR,Wait Sensor,0
1778962272.539483,1348773816,1778962253.011478,1331225724,SENSOR,WM1,0
1778962272.788319,1348999996,1778962256.073799,1334284484,SENSOR,Wait Sensor,0
1778962273.790621,1350007552,1778962257.352844,1335575664,SENSOR,Gate,0
1778962281.264936,1357503368,1778962257.676659,1335896160,SENSOR,WM2,0
1778962282.703334,1358880444,1778962258.676842,1336897660,SENSOR,Lick Left,0
1778962283.573655,1359775664,1778962263.689649,1341904028,SENSOR,Left Back,0
1778962284.443631,1360653352,1778962264.285934,1342501992,SENSOR,Left Front,0
1778962284.696032,1360906004,1778962264.654049,1342867488,SENSOR,Return Left,0
1778962286.128148,1362306500,1778962268.805848,1347013704,SENSOR,WM1,0
1778962288.437772,1364607336,1778962268.805848,1347014648,CUE1,13000,0
1778962288.437772,1364608288,1778962268.807060,1347015608,CUE2,13000,0
1778962288.437772,1364609240,1778962268.807060,1347016560,CORRECT_TURN,Right,0
1778962288.437772,1364610188,1778962270.037511,1348256892,SENSOR,Wait Sensor,0
1778962288.996842,1365220148,1778962271.123162,1349336256,SENSOR,Wait Sensor,0
1778962290.057110,1366273864,1778962272.526989,1350744212,SENSOR_FAST,Gate,0
1778962291.740658,1367936292,1778962272.759686,1350970604,SENSOR,WM2,0
1778962291.927986,1368128640,1778962273.760060,1351979108,SENSOR,Lick Right,0
1778962292.114312,1368335268,1778962281.267407,1359481976,SENSOR,Right Back,0
1778962292.985127,1369196748,1778962282.660373,1360860348,SENSOR,Right Back,0
1778962304.467174,1380632220,1778962283.542797,1361756412,SENSOR,Right Front,0
1778962305.462811,1381615348,1778962284.428199,1362634924,SENSOR,Right Front,0
1778962305.835615,1382042936,1778962284.680025,1362887816,SENSOR,Return Right,0
1778962307.768131,1383948900,1778962286.081914,1364289628,SENSOR,Return Right,0
1778962307.772581,1383949832,1778962288.379050,1366592632,SENSOR,WM1,0
1778962307.772581,1383950776,1778962288.382580,1366593588,CUE1,13000,0
1778962307.772581,1383951736,1778962288.382580,1366594532,CUE2,13000,0
1778962308.276319,1384429792,1778962288.386721,1366595484,CORRECT_TURN,Right,0
1778962310.013036,1386165852,1778962288.998091,1367206016,SENSOR,Wait Sensor,0
1778962311.324848,1387506992,1778962290.057110,1368260724,SENSOR,Wait Sensor,0
1778962311.575732,1387763760,1778962291.719323,1369924716,SENSOR,Wait Sensor,0
1778962312.511813,1388673264,1778962291.915531,1370117244,SENSOR_FAST,Gate,0
1778962313.011005,1389153108,1778962292.114312,1370324068,SENSOR,WM2,0
1778962314.506718,1390683548,1778962292.978185,1371186356,SENSOR,Lick Right,0
1778962315.696029,1391864168,1778962304.435776,1382632588,SENSOR,Right Back,0
1778962316.505919,1392698956,1778962305.416449,1383616640,SENSOR,Right Front,0
1778962316.940125,1393083528,1778962305.838804,1384044628,SENSOR,Return Right,0
1778962326.376514,1402519108,1778962307.752688,1385952384,SENSOR,WM1,0
1778962328.063616,1404218368,1778962307.752688,1385953320,CUE1,13000,0
1778962332.549953,1408693136,1778962307.752688,1385954264,CUE2,13000,0
1778962332.549953,1408694072,1778962307.752688,1385955224,CORRECT_TURN,Right,0
1778962332.549953,1408695012,1778962308.236737,1386433732,SENSOR,Wait Sensor,0
1778962332.549953,1408695972,1778962309.967998,1388171424,SENSOR,Wait Sensor,0
1778962332.921784,1409043052,1778962311.309136,1389513824,SENSOR_FAST,Gate,0
1778962334.164782,1410335184,1778962311.583628,1389770836,SENSOR,WM2,0
1778962334.474816,1410588900,1778962312.480986,1390681192,SENSOR,Lick Left,0
1778962334.913625,1411056304,1778962312.963653,1391161488,SENSOR,Lick Left,0
1778962336.035078,1412199044,1778962314.490949,1392693368,SENSOR,Left Back,0
1778962336.286508,1412417996,1778962315.680264,1393875100,SENSOR,Left Front,0
1778962337.219062,1413328524,1778962316.507052,1394710672,SENSOR,Return Left,0
1778962337.842306,1414002676,1778962316.892948,1395095604,SENSOR,Return Left,0
1778962338.465147,1414585904,1778962326.343792,1404540056,SENSOR,Return Left,0
1778962339.026931,1415151544,1778962328.044058,1406240912,SENSOR,Return Left,0
1778962339.466873,1415575076,1778962332.526267,1410719888,SENSOR,WM1,0
1778962343.358300,1419464648,1778962332.526267,1410720820,CUE1,13000,0
1778962343.358300,1419465580,1778962332.526267,1410721764,CUE2,13000,0
1778962343.358300,1419466484,1778962332.527315,1410722724,CORRECT_TURN,Right,0
1778962343.358300,1419467396,1778962332.874818,1411070128,SENSOR,Wait Sensor,0
1778962343.736302,1419854444,1778962334.167173,1412363480,SENSOR,Wait Sensor,0
1778962344.730052,1420842736,1778962334.427930,1412617432,SENSOR,Wait Sensor,0
1778962345.354364,1421461632,1778962334.891807,1413085280,SENSOR,Wait Sensor,0
1778962345.854632,1421980404,1778962336.035078,1414229092,SENSOR_FAST,Gate,0
1778962346.664896,1422799796,1778962336.253960,1414448248,SENSOR,WM2,0
1778962346.853707,1423001232,1778962337.172860,1415359632,SENSOR,Lick Left,0
1778962347.103580,1423213160,1778962337.842306,1416034420,SENSOR,Lick Left,0
1778962347.978091,1424125700,1778962338.426234,1416618196,SENSOR,Left Back,0
1778962354.526803,1430666012,1778962338.996035,1417184368,SENSOR,Left Front,0
1778962355.086776,1431199984,1778962339.421581,1417608300,SENSOR,Return Left,0
1778962355.469234,1431551892,1778962343.311875,1421501532,SENSOR,WM1,0
1778962356.961730,1433088516,1778962343.312392,1421502468,CUE1,4000,0
1778962356.961730,1433089452,1778962343.312392,1421503368,CUE2,4000,0
1778962356.961730,1433090352,1778962343.312392,1421504276,CORRECT_TURN,Left,0
1778962356.961730,1433091256,1778962343.700732,1421891692,SENSOR,Wait Sensor,0
1778962357.335548,1433420020,1778962344.698108,1422880916,SENSOR,Wait Sensor,0
1778962358.267527,1434368272,1778962345.309067,1423500396,SENSOR,Wait Sensor,0
1778962358.705709,1434791916,1778962345.823057,1424019656,SENSOR,Wait Sensor,0
1778962360.260060,1436391920,1778962346.651663,1424839816,SENSOR,Wait Sensor,0
1778962360.509595,1436588196,1778962346.853707,1425041444,SENSOR_FAST,Gate,0
1778962360.697134,1436826664,1778962347.058270,1425253568,SENSOR,WM2,0
1778962361.569352,1437650196,1778962347.980802,1426166968,SENSOR,Lick Left,0
1778962365.624059,1441708684,1778962354.526803,1432713432,SENSOR,Left Back,0
1778962366.125383,1442254956,1778962355.055711,1433247908,SENSOR,Left Front,0
1778962366.561966,1442634428,1778962355.416221,1433600144,SENSOR,Return Left,0
1778962367.685942,1443768964,1778962356.947268,1435138216,SENSOR,WM1,0
1778962367.685942,1443769900,1778962356.947268,1435139152,CUE1,4000,0
1778962367.685942,1443770844,1778962356.950464,1435140052,CUE2,4000,0
1778962367.686284,1443771800,1778962356.954064,1435140960,CORRECT_TURN,Left,0
1778962368.000187,1444073940,1778962357.289149,1435470032,SENSOR,Wait Sensor,0
1778962369.061786,1445192040,1778962358.237250,1436419176,SENSOR,Wait Sensor,0
1778962370.496090,1446584428,1778962358.658229,1436843216,SENSOR,Wait Sensor,0
1778962370.993453,1447071416,1778962360.260060,1438444728,SENSOR,Wait Sensor,0
1778962371.181788,1447272868,1778962360.462997,1438641188,SENSOR_FAST,Gate,0
1778962371.429093,1447510280,1778962360.697134,1438879880,SENSOR,WM2,0
1778962372.299802,1448388052,1778962361.523631,1439704184,SENSOR,Lick Left,0
1778962376.980192,1453057184,1778962365.578098,1443766492,SENSOR,Left Back,0
1778962377.541707,1453642420,1778962366.125383,1444313280,SENSOR,Left Front,0
1778962378.040516,1454151784,1778962366.514677,1444693108,SENSOR,Return Left,0
1778962379.162025,1455234140,1778962367.640478,1445828712,SENSOR,WM1,0
1778962383.903883,1459969852,1778962367.640478,1445829648,CUE1,13000,0
1778962383.903883,1459970788,1778962367.644057,1445830592,CUE2,13000,0
1778962383.903883,1459971692,1778962367.648174,1445831552,CORRECT_TURN,Right,0
1778962383.903883,1459972600,1778962367.952596,1446133976,SENSOR,Wait Sensor,0
1778962384.337851,1460419020,1778962369.065042,1447253128,SENSOR,Wait Sensor,0
1778962385.274892,1461341708,1778962370.465079,1448646828,SENSOR,Wait Sensor,0
1778962387.453776,1463506380,1778962370.947410,1449134272,SENSOR,Wait Sensor,0
1778962387.643181,1463718184,1778962371.150432,1449335912,SENSOR_FAST,Gate,0
1778962388.516780,1464621560,1778962371.398271,1449573548,SENSOR,WM2,0
1778962397.960928,1474016096,1778962372.268796,1450452144,SENSOR,Lick Right,0
1778962398.582755,1474655472,1778962376.949225,1455125668,SENSOR,Right Back,0
1778962399.953108,1476022272,1778962377.530435,1455711460,SENSOR,Right Front,0
1778962401.388164,1477439260,1778962378.042912,1456221300,SENSOR,Return Right,0
1778962402.383872,1478466424,1778962379.130621,1457304672,SENSOR,Return Right,0
1778962402.948514,1479005504,1778962383.870043,1462044840,SENSOR,WM1,0
1778962403.319502,1479365544,1778962383.870043,1462045776,CUE1,4000,0
1778962404.879428,1480932912,1778962383.870043,1462046680,CUE2,4000,0
1778962404.879428,1480933848,1778962383.871375,1462047588,CORRECT_TURN,Left,0
1778962404.879428,1480934812,1778962384.309444,1462494428,SENSOR,Wait Sensor,0
1778962404.879428,1480935764,1778962385.245105,1463417984,SENSOR,Wait Sensor,0
1778962406.002799,1482064360,1778962387.409735,1465584696,SENSOR_FAST,Gate,0
1778962406.936067,1482980964,1778962387.611849,1465796700,SENSOR,WM2,0
1778962408.429653,1484466392,1778962388.516780,1466700924,SENSOR,Lick Left,0
1778962408.615989,1484664980,1778962397.929310,1476104304,SENSOR,Lick Left,0
1778962409.551580,1485605152,1778962398.570517,1476744280,SENSOR,Lick Left,0
1778962419.060086,1495095896,1778962399.937531,1478112364,SENSOR,Lick Left,0
1778962420.808191,1496843208,1778962401.357119,1479530688,SENSOR,Lick Left,0
1778962421.992758,1497999120,1778962402.384881,1480558816,SENSOR,Left Back,0
1778962424.425381,1500440156,1778962402.931719,1481098404,SENSOR,Left Front,0
1778962424.425381,1500441100,1778962403.288300,1481458784,SENSOR,Return Left,0
1778962424.425381,1500442040,1778962404.850351,1483027628,SENSOR,WM1,0
1778962424.425381,1500443000,1778962404.850351,1483028564,CUE1,13000,0
1778962424.862836,1500915872,1778962404.854201,1483029524,CUE2,13000,0
1778962425.987947,1502019772,1778962404.858343,1483030468,CORRECT_TURN,Right,0
1778962427.926326,1503953236,1778962405.986835,1484160140,SENSOR,Wait Sensor,0
1778962428.171777,1504166092,1778962406.904836,1485077608,SENSOR,Wait Sensor,0
1778962428.981838,1505005016,1778962408.398165,1486564432,SENSOR_FAST,Gate,0
1778962435.372328,1511372408,1778962408.585685,1486763204,SENSOR,WM2,0
1778962438.432972,1514475268,1778962409.535028,1487704264,SENSOR,Lick Right,0
1778962449.734821,1525756152,1778962419.034739,1497203932,SENSOR,Right Back,0
1778962450.911666,1526897904,1778962420.778213,1498952892,SENSOR,Right Front,0
1778962460.901925,1536878704,1778962421.946033,1500109888,SENSOR,Return Right,0
1778962461.522708,1537510948,1778962424.394035,1502553224,SENSOR,WM1,0
1778962465.019428,1541028108,1778962424.395066,1502554160,CUE1,13000,0
1778962465.083419,1541029068,1778962424.395066,1502555116,CUE2,13000,0
1778962465.083419,1541029960,1778962424.395066,1502556072,CORRECT_TURN,Right,0
1778962465.083419,1541030868,1778962424.862836,1503029388,SENSOR,Wait Sensor,0
1778962465.520335,1541524388,1778962425.972684,1504134328,SENSOR,Wait Sensor,0
1778962466.899136,1542896256,1778962427.905992,1506069608,SENSOR_FAST,Gate,0
1778962468.411771,1544385812,1778962428.110532,1506282664,SENSOR,WM2,0
1778962468.658147,1544612780,1778962428.949771,1507122376,SENSOR,Lick Right,0
1778962468.845147,1544840980,1778962435.326244,1513495760,SENSOR,Right Back,0
1778962469.842797,1545821108,1778962438.432972,1516601536,SENSOR,Right Front,0
1778962479.541909,1555494984,1778962449.734821,1527893032,SENSOR,Return Right,0
1778962485.717510,1561676220,1778962450.870393,1529035856,SENSOR,Return Right,0
1778962487.159170,1563106284,1778962460.864198,1539026040,SENSOR,Return Right,0
1778962490.965241,1566915116,1778962461.502797,1539658880,SENSOR,Return Right,0
1778962490.965241,1566916052,1778962465.019428,1543179348,SENSOR,WM1,0
1778962490.965241,1566916996,1778962465.020551,1543180308,CUE1,4000,0
1778962490.965241,1566917960,1778962465.022052,1543181200,CUE2,4000,0
1778962491.277652,1567255816,1778962465.025173,1543182108,CORRECT_TURN,Left,0
1778962492.589433,1568508052,1778962465.520335,1543676092,SENSOR,Wait Sensor,0
1778962494.589741,1570513136,1778962466.899136,1545049252,SENSOR,Wait Sensor,0
1778962494.775073,1570693188,1778962468.379841,1546540208,SENSOR,Wait Sensor,0
1778962495.690595,1571622100,1778962468.611625,1546767392,SENSOR_FAST,Gate,0
1778962566.159873,1642029692,1778962468.846266,1546995812,SENSOR,WM2,0
1778962567.156407,1642990332,1778962469.827032,1547976852,SENSOR,Lick Left,0
1778962567.906983,1643784280,1778962479.510309,1557659824,SENSOR,Left Back,0
1778962568.343143,1644221076,1778962485.703720,1563846876,SENSOR,Left Front,0
1778962569.097000,1644927936,1778962487.128639,1565278280,SENSOR,Return Left,0
1778962570.213468,1646039972,1778962490.949228,1569090692,SENSOR,WM1,0
1778962572.392896,1648252872,1778962490.950225,1569091628,CUE1,13000,0
1778962572.392896,1648253808,1778962490.950225,1569092572,CUE2,13000,0
1778962572.392896,1648254752,1778962490.950225,1569093536,CORRECT_TURN,Right,0
1778962572.392896,1648255712,1778962491.279140,1569431712,SENSOR,Wait Sensor,0
1778962573.080502,1648954768,1778962492.545448,1570685128,SENSOR,Wait Sensor,0
1778962575.420088,1651275992,1778962494.539224,1572692096,SENSOR_FAST,Gate,0
1778962575.885974,1651741356,1778962494.729030,1572872316,SENSOR,WM2,0
1778962576.135261,1651958296,1778962495.652020,1573802100,SENSOR,Lick Right,0
1778962577.194473,1653031540,1778962566.145564,1644275832,SENSOR,Lick Right,0
1778962581.391281,1657201484,1778962567.110011,1645237372,SENSOR,Right Back,0
1778962581.953029,1657776356,1778962567.906983,1646032064,SENSOR,Right Front,0
1778962582.327076,1658150756,1778962568.343143,1646469272,SENSOR,Return Right,0
1778962583.696142,1659556448,1778962569.046314,1647176792,SENSOR,Return Right,0
1778962583.696142,1659557384,1778962570.167250,1648289872,SENSOR,Return Right,0
1778962583.696142,1659558284,1778962572.377101,1650504848,SENSOR,WM1,0
1778962583.758838,1659559192,1778962572.377101,1650505780,CUE1,13000,0
1778962584.255105,1660115064,1778962572.380183,1650506728,CUE2,13000,0
1778962585.503165,1661322212,1778962572.383774,1650507688,CORRECT_TURN,Right,0
1778962586.126876,1661959564,1778962573.080502,1651207396,SENSOR,Wait Sensor,0
1778962586.500238,1662334044,1778962575.409321,1653530804,SENSOR,Wait Sensor,0
1778962587.232971,1663078668,1778962575.870483,1653996600,SENSOR_FAST,Gate,0
1778962587.480301,1663297664,1778962576.094175,1654213748,SENSOR,WM2,0
1778962588.356658,1664157096,1778962577.163479,1655287996,SENSOR,Lick Right,0
1778962592.541880,1668372016,1778962581.344069,1659461852,SENSOR,Right Back,0
1778962593.103089,1668945900,1778962581.910257,1660037260,SENSOR,Right Front,0
1778962593.661803,1669464504,1778962582.296189,1660412012,SENSOR,Return Right,0
1778962599.033779,1674839608,1778962583.696142,1661819024,SENSOR,WM1,0
1778962603.899246,1679714352,1778962583.697139,1661819960,CUE1,4000,0
1778962607.447725,1683268488,1778962583.697139,1661820860,CUE2,4000,0
1778962607.447725,1683269420,1778962583.700399,1661821768,CORRECT_TURN,Left,0
1778962607.447725,1683270368,1778962584.256129,1662378164,SENSOR,Wait Sensor,0
1778962607.447725,1683271328,1778962585.471733,1663586444,SENSOR,Wait Sensor,0
1778962607.760121,1683550788,1778962586.110859,1664224392,SENSOR,Wait Sensor,0
1778962609.131089,1684917648,1778962586.473984,1664599224,SENSOR,Wait Sensor,0
1778962610.967255,1686771344,1778962587.219295,1665344544,SENSOR_FAST,Gate,0
1778962611.151183,1686979016,1778962587.450764,1665563748,SENSOR,WM2,0
1778962612.083955,1687892620,1778962588.310184,1666423984,SENSOR,Lick Left,0
1778962619.240441,1695059020,1778962592.526292,1670642860,SENSOR,Left Back,0
1778962621.359523,1697139896,1778962593.103089,1671217284,SENSOR,Left Front,0
1778962621.922917,1697681052,1778962593.614456,1671736372,SENSOR,Return Left,0
1778962623.855535,1699664728,1778962598.994553,1677116516,SENSOR,Return Left,0
1778962623.855535,1699665664,1778962603.883491,1681995832,SENSOR,Return Left,0
1778962623.855535,1699666560,1778962607.432515,1685553304,SENSOR,WM1,0
1778962623.918268,1699667460,1778962607.435650,1685554236,CUE1,13000,0
1778962624.354964,1700168112,1778962607.440087,1685555184,CUE2,13000,0
1778962625.664312,1701432652,1778962607.443629,1685556144,CORRECT_TURN,Right,0
1778962626.162765,1701932804,1778962607.729046,1685835868,SENSOR,Wait Sensor,0
1778962627.096877,1702880132,1778962609.085978,1687204008,SENSOR,Wait Sensor,0
1778962627.406986,1703173704,1778962610.951905,1689059444,SENSOR_FAST,Gate,0
1778962627.594628,1703382440,1778962611.151183,1689267308,SENSOR,WM2,0
1778962628.535409,1704343164,1778962612.070513,1690181768,SENSOR,Lick Right,0
1778962634.910163,1710661436,1778962619.241940,1697354884,SENSOR,Right Back,0
1778962635.596119,1711366352,1778962621.328949,1699437712,SENSOR,Right Front,0
1778962636.034002,1711779500,1778962621.876090,1699979376,SENSOR,Return Right,0
1778962636.785002,1712542768,1778962623.857624,1701964912,SENSOR,WM1,0
1778962643.589072,1719320396,1778962623.857624,1701965844,CUE1,4000,0
1778962643.589072,1719321320,1778962623.857624,1701966744,CUE2,4000,0
1778962643.589072,1719322224,1778962623.859731,1701967652,CORRECT_TURN,Left,0
1778962643.589072,1719323120,1778962624.356127,1702468768,SENSOR,Wait Sensor,0
1778962644.461833,1720217628,1778962625.622958,1703734492,SENSOR,Wait Sensor,0
1778962646.396272,1722139920,1778962626.124346,1704235112,SENSOR,Wait Sensor,0
1778962646.896127,1722676108,1778962627.081182,1705183324,SENSOR,Wait Sensor,0
1778962647.079455,1722855020,1778962627.382317,1705477172,SENSOR_FAST,Gate,0
1778962647.328341,1723069856,1778962627.579360,1705686104,SENSOR,WM2,0
1778962648.202992,1723944636,1778962628.535409,1706647728,SENSOR,Lick Left,0
1778962654.000926,1729728868,1778962634.863317,1712971924,SENSOR,Left Back,0
1778962654.557850,1730296728,1778962635.566204,1713677500,SENSOR,Left Front,0
1778962655.307625,1731079260,1778962635.987228,1714091036,SENSOR,Return Left,0
1778962656.123045,1731886484,1778962636.762015,1714855016,SENSOR,Return Left,0
1778962657.120346,1732849072,1778962643.542997,1721638996,SENSOR,WM1,0
1778962659.430446,1735181680,1778962643.542997,1721639920,CUE1,4000,0
1778962664.224919,1739945952,1778962643.542997,1721640828,CUE2,4000,0
1778962664.224919,1739946880,1778962643.542997,1721641724,CORRECT_TURN,Left,0
1778962664.224919,1739947832,1778962644.439607,1722537060,SENSOR,Wait Sensor,0
1778962664.224919,1739948792,1778962646.364186,1724461160,SENSOR,Wait Sensor,0
1778962664.597391,1740323588,1778962646.897156,1724997848,SENSOR,Wait Sensor,0
1778962666.656507,1742405372,1778962647.079455,1725176928,SENSOR_FAST,Gate,0
1778962666.969394,1742677564,1778962647.284038,1725391968,SENSOR,WM2,0
1778962667.779309,1743537872,1778962648.171851,1726267564,SENSOR,Lick Left,0
1778962668.028324,1743771192,1778962653.955228,1732057216,SENSOR,Left Back,0
1778962668.963099,1744664228,1778962654.526895,1732625604,SENSOR,Left Front,0
1778962679.124027,1754831352,1778962655.307625,1733408872,SENSOR,Return Left,0
1778962679.435655,1755149536,1778962656.123045,1734216852,SENSOR,Return Left,0
